"country","average_product_price"
"Maldives",119.99
"Palestine",99.99
"Botswana",99.99
"Barbados",65.99
"Bolivia",64.99
"Honduras",62.992
"Jamaica",55.99
"Cyprus",50.156666666666666
"Martinique",45.49
"Kenya",42.99
"Jersey",39.99
"Malta",37.99
"Kuwait",37.656666666666666
"Mauritius",37.49
"Morocco",37.242000000000004
"Macedonia (FYROM)",35.8675
"Albania",33.65666666666666
"Iceland",33.49333333333333
"Belarus",33.32666666666667
"Colombia",32.98166666666667
"United States",32.12238111607351
"Ecuador",31.561428571428575
"South Africa",30.971538461538465
"New Zealand",30.863529411764713
"Mexico",30.74339805825238
"Singapore",30.706694915254165
"Croatia",30.174736842105265
"Gibraltar",29.99
"Hong Kong",28.498783783783775
"Bangladesh",28.475000000000005
"Turkey",28.240000000000006
"Latvia",28.240000000000002
"Nepal",28.24
"China",27.78269230769231
"Ireland",27.44528735632184
"Austria",27.290000000000003
"Netherlands",27.08765822784798
"Uruguay",26.913076923076922
"Russia",26.521313131313097
"Slovenia",26.21333333333334
"Spain",26.121092436974717
"Lithuania",26.046111111111117
"Italy",26.016888888888822
"Argentina",25.898139534883725
"Ukraine",25.808253968253972
"Israel",25.709687500000005
"United Arab Emirates",25.543157894736847
"Iraq",25.49
"Sri Lanka",25.435000000000006
"Peru",25.39888888888889
"France",25.16288990825675
"Sweden",25.15868421052632
"Canada",25.135654205607302
"Rwanda",24.99
"Nigeria",24.803749999999997
"Egypt",24.682307692307692
"Australia",24.663866666666518
"Poland",24.603928571428565
"Taiwan",24.547988505746996
"El Salvador",24.516000000000002
"Czechia",24.44123456790124
"United Kingdom",24.006946107784252
"Switzerland",24.0004705882353
"Luxembourg",23.99
"Brazil",23.805838926174392
"Philippines",23.687999999999946
"Guatemala",23.491111111111117
"Brunei",23.49
"Japan",23.48788381742725
"Malaysia",23.36092592592593
"Greece",23.34244897959184
"Cambodia",23.156666666666666
"Germany",22.47547619047603
"Venezuela",22.396562500000005
"Costa Rica",22.323333333333334
"India",22.163671766341956
"Norway",21.990000000000006
"Vietnam",21.5171052631579
"Slovakia",21.05538461538462
"Bahrain",20.99
"Portugal",20.830000000000005
"South Korea",20.81549019607844
"Denmark",20.662500000000005
"Tunisia",20.589999999999996
"Puerto Rico",20.464444444444446
"Romania",20.08471698113208
"Lebanon",19.99
"Finland",19.925333333333338
"Pakistan",19.836170212765964
"Panama",19.75733333333334
"Sudan",19.49
"Estonia",19.32416666666667
"Haiti",18.99
"Hungary",18.943437500000005
"Indonesia",18.69622222222223
"Laos",18.323333333333334
"Saudi Arabia",17.990666666666666
"Belgium",17.659253731343288
"Georgia",17.589999999999996
"Dominican Republic",17.44916666666667
"Paraguay",16.99
"Kosovo",16.99
"Somalia",16.99
"Bahamas",16.656666666666666
"Thailand",16.15120689655173
"Chile",15.990000000000006
"Ghana",15.656666666666666
"Qatar",15.3675
"Jordan",14.656666666666666
"Côte d’Ivoire",13.74
"Algeria",13.49
"Kazakhstan",12.99
"Trinidad & Tobago",12.99
"Oman",12.99
"Myanmar (Burma)",12.99
"Belize",12.99
"Serbia",12.558000000000003
"Macau",11.656666666666666
"Bulgaria",11.190666666666665
"Ethiopia",10.99
"Tanzania",10.99
"Bosnia & Herzegovina",10.656666666666666
"Papua New Guinea",8.49
"French Polynesia",7.99
"Nicaragua",6.245
"Sint Maarten",5.5
"San Marino",4.99
"Moldova",4.99
"Kyrgyzstan",4.99
"Armenia",3.99
"Réunion",2.49
"Zimbabwe",1.99
"Montenegro",1.99
"Mali",1.99
"Uganda",1.495
